{
  "project_info": {
    "project_number": "218299969393",
    "project_id": "quizsub",
    "storage_bucket": "quizsub.firebasestorage.app"
  },
  "client": [
    {
      "client_info": {
        "mobilesdk_app_id": "1:218299969393:android:62f1543323edb43c6210d0",
        "android_client_info": {
          "package_name": "com.example.quizsub"
        }
      },
      "oauth_client": [],
      "api_key": [
        {
          "current_key": "AIzaSyA_Z8R-V0j17lOGcITqujv1c5crxpKEf94"
        }
      ],
      "services": {
        "appinvite_service": {
          "other_platform_oauth_client": []
        }
      }
    }
  ],
  "configuration_version": "1"
}